email, password
efsu@wu.cr,password
cufko@gimeko.si,password
mosus@weoji.kh,password
guimha@lamomhem.bs,password
uvpep@ep.ps,password
zegsenu@picdeh.tt,password
kab@ah.no,password
ujaade@ujivep.ph,password
kuran@lizwengu.kr,password
new@muhe.tg,password
cimgizni@azo.tt,password
wu@lev.md,password
zikzolwig@da.mz,password
ud@vabo.lr,password
hacubseg@dab.ae,password
remot@mefu.mp,password
oruri@zas.hm,password
umukewbi@gazlo.se,password
zutdut@mepfig.io,password
rihtumtin@if.mu,password
nubnamar@tum.et,password
gafmicfe@kunupu.kn,password
in@so.pn,password
li@wonazvud.aq,password
jedzubog@sasom.kn,password
lubavlo@wa.org,password
sa@mo.se,password
kuzliw@wiope.ss,password
ow@sarmowno.kr,password
ete@arawo.cx,password
agifso@uvbin.ws,password
mu@viup.me,password
ila@viplap.tr,password
bedoz@gagvaj.ag,password
aceravzo@oke.bw,password
evpuk@lazohej.is,password
jop@tegjojev.bi,password
eg@cosibo.mn,password
ob@misfu.kr,password
valatu@inapaheru.pr,password
gu@rudihoho.ms,password
ruhi@kare.kz,password
lopoh@dew.zw,password
tur@izevo.tc,password
cafasuza@vupguveb.tt,password
pacpo@misega.do,password
buvko@zazralo.gy,password
judkuwob@rafe.fk,password
mubuj@em.br,password
edfitbit@guciw.ge,password
itdowle@wotheza.ag,password
timurit@ika.td,password
tan@bemzu.mk,password
baiva@gawobfol.er,password
sor@ana.ng,password
ecevi@tumem.gh,password
faipwe@mew.su,password
tekim@ozwuvon.gw,password
wucez@vubube.fk,password
segafpim@baplecuj.tt,password
vigsila@wapzo.gb,password
uc@ciwelav.do,password
edo@bibijo.by,password
wunna@umbe.ng,password
zu@pidavzi.cx,password
gacodofo@ewudetzaj.com,password
itolopjel@jukdeltez.vg,password
kiha@fed.kr,password
cajgih@figaazo.ck,password
debbuwve@jedhak.mt,password
la@se.ky,password
vod@uw.cg,password
bajru@ipeiltig.nu,password
hosje@piuso.as,password
hommozsob@udeawo.pk,password
ze@to.gg,password
vup@su.ni,password
ingoowe@coofzam.mt,password
ejorihez@rekwil.kw,password
donboisi@vatges.tt,password
so@ohfohow.bb,password
rozpiz@rajfedid.ci,password
ac@zi.kg,password
jof@hubgondo.pk,password
lep@ofa.us,password
ula@hanheg.bt,password
tehawan@uru.org,password
gehepem@ma.be,password
romwoku@hoc.tm,password
ujapu@wopratihu.cg,password
jimepuve@hil.tw,password
jic@gi.hu,password
balohgi@veosca.rs,password
reumhi@gabkuh.edu,password
to@esaul.gp,password
nevibe@zerizad.dm,password
rid@unijaabo.id,password
unotiwo@dazutgu.sr,password
donet@pen.ag,password
ovo@zucni.is,password
